{"cameraMode":{"drawMode":0,"name":"Shaded","section":"Shading Mode"},"sceneLighting":false,"audioPlay":false,"sceneViewState":{"m_AlwaysRefresh":false,"showFog":true,"showSkybox":false,"showFlares":true,"showImageEffects":true,"showParticleSystems":true,"showVisualEffectGraphs":true,"m_FxEnabled":true},"in2DMode":false,"pivot":{"x":2.6325581073760988,"y":0.4739999771118164,"z":-22.299999237060548},"rotation":{"x":-0.19229595363140107,"y":-0.7179614901542664,"z":0.21954166889190675,"w":-0.6322126388549805},"size":0.8660253882408142,"orthographic":false}