{"cameraMode":{"drawMode":0,"name":"Shaded","section":"Shading Mode"},"sceneLighting":false,"audioPlay":false,"sceneViewState":{"m_AlwaysRefresh":false,"showFog":true,"showSkybox":false,"showFlares":true,"showImageEffects":true,"showParticleSystems":true,"showVisualEffectGraphs":true,"m_FxEnabled":true},"in2DMode":false,"pivot":{"x":-0.1195220872759819,"y":1.1097759008407593,"z":-1.1543420553207398},"rotation":{"x":0.0029688547365367414,"y":-0.9953393340110779,"z":0.09073909372091294,"w":0.033485520631074908},"size":0.994987428188324,"orthographic":false}