{"cameraMode":{"drawMode":0,"name":"Shaded","section":"Shading Mode"},"sceneLighting":false,"audioPlay":false,"sceneViewState":{"m_AlwaysRefresh":false,"showFog":false,"showSkybox":false,"showFlares":false,"showImageEffects":false,"showParticleSystems":false,"showVisualEffectGraphs":true,"m_FxEnabled":true},"in2DMode":false,"pivot":{"x":-0.4114871025085449,"y":0.9575435519218445,"z":0.4272671937942505},"rotation":{"x":0.0023743726778775455,"y":-0.9937648773193359,"z":0.10956583917140961,"w":0.02147568203508854},"size":0.8660253882408142,"orthographic":false}